{
  "position": [
    0.0,
    0.0,
    0.0
  ],
  "rotation": [
    0.0,
    0.0,
    0.0
  ],
  "cubes": [],
  "children": {
    "bell_body": {
      "position": [
        8.0,
        12.0,
        8.0
      ],
      "rotation": [
        0.0,
        0.0,
        0.0
      ],
      "cubes": [
        [
          {
            "normal": [
              1.0,
              0.0,
              0.0
            ],
            "vertices": [
              [
                3.0,
                -6.0,
                3.0,
                0.5625,
                0.1875
              ],
              [
                3.0,
                -6.0,
                -3.0,
                0.375,
                0.1875
              ],
              [
                3.0,
                1.0,
                -3.0,
                0.375,
                0.40625
              ],
              [
                3.0,
                1.0,
                3.0,
                0.5625,
                0.40625
              ]
            ]
          },
          {
            "normal": [
              -1.0,
              0.0,
              0.0
            ],
            "vertices": [
              [
                -3.0,
                -6.0,
                -3.0,
                0.1875,
                0.1875
              ],
              [
                -3.0,
                -6.0,
                3.0,
                0.0,
                0.1875
              ],
              [
                -3.0,
                1.0,
                3.0,
                0.0,
                0.40625
              ],
              [
                -3.0,
                1.0,
                -3.0,
                0.1875,
                0.40625
              ]
            ]
          },
          {
            "normal": [
              0.0,
              -1.0,
              0.0
            ],
            "vertices": [
              [
                3.0,
                -6.0,
                3.0,
                0.375,
                0.0
              ],
              [
                -3.0,
                -6.0,
                3.0,
                0.1875,
                0.0
              ],
              [
                -3.0,
                -6.0,
                -3.0,
                0.1875,
                0.1875
              ],
              [
                3.0,
                -6.0,
                -3.0,
                0.375,
                0.1875
              ]
            ]
          },
          {
            "normal": [
              0.0,
              1.0,
              0.0
            ],
            "vertices": [
              [
                3.0,
                1.0,
                -3.0,
                0.5625,
                0.1875
              ],
              [
                -3.0,
                1.0,
                -3.0,
                0.375,
                0.1875
              ],
              [
                -3.0,
                1.0,
                3.0,
                0.375,
                0.0
              ],
              [
                3.0,
                1.0,
                3.0,
                0.5625,
                0.0
              ]
            ]
          },
          {
            "normal": [
              0.0,
              0.0,
              -1.0
            ],
            "vertices": [
              [
                3.0,
                -6.0,
                -3.0,
                0.375,
                0.1875
              ],
              [
                -3.0,
                -6.0,
                -3.0,
                0.1875,
                0.1875
              ],
              [
                -3.0,
                1.0,
                -3.0,
                0.1875,
                0.40625
              ],
              [
                3.0,
                1.0,
                -3.0,
                0.375,
                0.40625
              ]
            ]
          },
          {
            "normal": [
              0.0,
              0.0,
              1.0
            ],
            "vertices": [
              [
                -3.0,
                -6.0,
                3.0,
                0.75,
                0.1875
              ],
              [
                3.0,
                -6.0,
                3.0,
                0.5625,
                0.1875
              ],
              [
                3.0,
                1.0,
                3.0,
                0.5625,
                0.40625
              ],
              [
                -3.0,
                1.0,
                3.0,
                0.75,
                0.40625
              ]
            ]
          }
        ]
      ],
      "children": {
        "bell_base": {
          "position": [
            -8.0,
            -12.0,
            -8.0
          ],
          "rotation": [
            0.0,
            0.0,
            0.0
          ],
          "cubes": [
            [
              {
                "normal": [
                  1.0,
                  0.0,
                  0.0
                ],
                "vertices": [
                  [
                    12.0,
                    4.0,
                    12.0,
                    0.75,
                    0.65625
                  ],
                  [
                    12.0,
                    4.0,
                    4.0,
                    0.5,
                    0.65625
                  ],
                  [
                    12.0,
                    6.0,
                    4.0,
                    0.5,
                    0.71875
                  ],
                  [
                    12.0,
                    6.0,
                    12.0,
                    0.75,
                    0.71875
                  ]
                ]
              },
              {
                "normal": [
                  -1.0,
                  0.0,
                  0.0
                ],
                "vertices": [
                  [
                    4.0,
                    4.0,
                    4.0,
                    0.25,
                    0.65625
                  ],
                  [
                    4.0,
                    4.0,
                    12.0,
                    0.0,
                    0.65625
                  ],
                  [
                    4.0,
                    6.0,
                    12.0,
                    0.0,
                    0.71875
                  ],
                  [
                    4.0,
                    6.0,
                    4.0,
                    0.25,
                    0.71875
                  ]
                ]
              },
              {
                "normal": [
                  0.0,
                  -1.0,
                  0.0
                ],
                "vertices": [
                  [
                    12.0,
                    4.0,
                    12.0,
                    0.5,
                    0.40625
                  ],
                  [
                    4.0,
                    4.0,
                    12.0,
                    0.25,
                    0.40625
                  ],
                  [
                    4.0,
                    4.0,
                    4.0,
                    0.25,
                    0.65625
                  ],
                  [
                    12.0,
                    4.0,
                    4.0,
                    0.5,
                    0.65625
                  ]
                ]
              },
              {
                "normal": [
                  0.0,
                  1.0,
                  0.0
                ],