{
  "position": [
    0.0,
    0.0,
    0.0
  ],
  "rotation": [
    0.0,
    0.0,
    0.0
  ],
  "cubes": [],
  "children": {
    "bottom": {
      "position": [
        0.0,
        0.0,
        0.0
      ],
      "rotation": [
        0.0,
        0.0,
        0.0
      ],
      "cubes": [
        [
          {
            "normal": [
              1.0,
              0.0,
              0.0
            ],
            "vertices": [
              [
                15.0,
                0.0,
                15.0,
                0.65625,
                0.515625
              ],
              [
                15.0,
                0.0,
                1.0,
                0.4375,
                0.515625
              ],
              [
                15.0,
                10.0,
                1.0,
                0.4375,
                0.671875
              ],
              [
                15.0,
                10.0,
                15.0,
                0.65625,
                0.671875
              ]
            ]
          },
          {
            "normal": [
              -1.0,
              0.0,
              0.0
            ],
            "vertices": [
              [
                1.0,
                0.0,
                1.0,
                0.21875,
                0.515625
              ],
              [
                1.0,
                0.0,
                15.0,
                0.0,
                0.515625
              ],
              [
                1.0,
                10.0,
                15.0,
                0.0,
                0.671875
              ],
              [
                1.0,
                10.0,
                1.0,
                0.21875,
                0.671875
              ]
            ]
          },
          {
            "normal": [
              0.0,
              -1.0,
              0.0
            ],
            "vertices": [
              [
                15.0,
                0.0,
                15.0,
                0.4375,
                0.296875
              ],
              [
                1.0,
                0.0,
                15.0,
                0.21875,
                0.296875
              ],
              [
                1.0,
                0.0,
                1.0,
                0.21875,
                0.515625
              ],
              [
                15.0,
                0.0,
                1.0,
                0.4375,
                0.515625
              ]
            ]
          },
          {
            "normal": [
              0.0,
              1.0,
              0.0
            ],
            "vertices": [
              [
                15.0,
                10.0,
                1.0,
                0.65625,
                0.515625
              ],
              [
                1.0,
                10.0,
                1.0,
                0.4375,
                0.515625
              ],
              [
                1.0,
                10.0,
                15.0,
                0.4375,
                0.296875
              ],
              [
                15.0,
                10.0,
                15.0,
                0.65625,
                0.296875
              ]
            ]
          },
          {
            "normal": [
              0.0,
              0.0,
              -1.0
            ],
            "vertices": [
              [
                15.0,
                0.0,
                1.0,
                0.4375,
                0.515625
              ],
              [
                1.0,
                0.0,
                1.0,
                0.21875,
                0.515625
              ],
              [
                1.0,
                10.0,
                1.0,
                0.21875,
                0.671875
              ],
              [
                15.0,
                10.0,
                1.0,
                0.4375,
                0.671875
              ]
            ]
          },
          {
            "normal": [
              0.0,
              0.0,
              1.0
            ],
            "vertices": [
              [
                1.0,
                0.0,
                15.0,
                0.875,
                0.515625
              ],
              [
                15.0,
                0.0,
                15.0,
                0.65625,
                0.515625
              ],
              [
                15.0,
                10.0,
                15.0,
                0.65625,
                0.671875
              ],
              [
                1.0,
                10.0,
                15.0,
                0.875,
                0.671875
              ]
            ]
          }
        ]
      ],
      "children": {}
    },
    "lid": {
      "position": [
        0.0,
        9.0,
        1.0
      ],
      "rotation": [
        0.0,
        0.0,
        0.0
      ],
      "cubes": [
        [
          {
            "normal": [
              1.0,
              0.0,
              0.0
            ],
            "vertices": [
              [
                15.0,
                0.0,
                14.0,
                0.65625,
                0.21875
              ],
              [
                15.0,
                0.0,
                0.0,
                0.4375,
                0.21875
              ],
              [
                15.0,
                5.0,
                0.0,
                0.4375,
                0.296875
              ],
              [
                15.0,
                5.0,
                14.0,
                0.65625,
                0.296875
              ]
            ]
          },
          {
            "normal": [
              -1.0,
              0.0,
              0.0
            ],
            "vertices": [
              [
                1.0,
                0.0,
                0.0,
                0.21875,
                0.21875
              ],
              [
                1.0,
                0.0,
                14.0,
                0.0,
                0.21875
              ],
              [
                1.0,
                5.0,
                14.0,
                0.0,
                0.296875
              ],
              [
                1.0,
                5.0,
                0.0,
                0.21875,
                0.296875
              ]
            ]
          },
          {
            "normal": [
              0.0,
              -1.0,
              0.0
            ],
            "vertices": [
              [
                15.0,
                0.0,
                14.0,
                0.4375,
                0.0
              ],
              [
                1.0,
                0.0,
                14.0,
                0.21875,
                0.0
              ],
              [
                1.0,
                0.0,
                0.0,
                0.21875,
                0.21875
              ],
              [
                15.0,
                0.0,
                0.0,
                0.4375,
                0.21875
              ]
            ]
          },
          {
            "normal": [
              0.0,
              1.0,
              0.0
            ],